"","BRAHMS","MASTER","gbifID","SarkID","ACCESSION","DETBY","DETDATE","LATDEC","LONGDEC","ALT","SP1","Species","roots","basisOfRecord","Ploidy","Source","countryCode","COUNTRY"
"2867",1636,10147,NA,NA,NA,"Knapp, S; Peralta, IE","0.0.2002",-25.458333,-70.440333,360,"chilense","chilense","nongeophyte",NA,NA,"Potato","CHL","Chile"
"2868",1777,10149,NA,NA,NA,"Knapp, S; Peralta, IE","0.0.2002",-23.6,-67.85,0,"chilense","chilense","nongeophyte",NA,NA,"Potato","CHL","Chile"
"2869",1887,10150,NA,NA,NA,"Knapp, S; Peralta, IE","0.0.2002",-23.683333,-68.666667,0,"chilense","chilense","nongeophyte",NA,NA,"Potato","CHL","Chile"
"2870",1981,10151,NA,NA,NA,"Knapp, S; Peralta, IE","0.0.2002",-19.683333,-69.166667,3220,"chilense","chilense","nongeophyte",NA,NA,"Potato","CHL","Chile"
"2871",1983,10152,NA,NA,NA,"Knapp, S; Peralta, IE","0.0.2002",-18.433333,-69.716667,2900,"chilense","chilense","nongeophyte",NA,NA,"Potato","CHL","Chile"
"2872",1991,10154,NA,NA,NA,"Knapp, S; Peralta, IE","0.0.2002",-23.3,-67.933333,2900,"chilense","chilense","nongeophyte",NA,NA,"Potato","CHL","Chile"
"2873",2121,10155,NA,NA,NA,"Knapp, S; Peralta, IE","0.0.2002",-18.2,-69.583333,3350,"chilense","chilense","nongeophyte",NA,NA,"Potato","CHL","Chile"
"2874",2168,10156,NA,NA,NA,"Knapp, S; Peralta, IE","0.0.2002",-22.450387,-69.075502,1800,"chilense","chilense","nongeophyte",NA,NA,"Potato","CHL","Chile"
"2875",2172,10157,NA,NA,NA,"Knapp, S; Peralta, IE","0.0.2002",-22.474963,-68.925075,1900,"chilense","chilense","nongeophyte",NA,NA,"Potato","CHL","Chile"
"2876",2176,10158,NA,NA,NA,"Knapp, S; Peralta, IE","0.0.2002",-25.138762,-69.755718,0,"chilense","chilense","nongeophyte",NA,NA,"Potato","CHL","Chile"
"2877",2177,10159,NA,NA,NA,"Knapp, S; Peralta, IE","0.0.2002",-22.558665,-70.24032,500,"chilense","chilense","nongeophyte",NA,NA,"Potato","CHL","Chile"
"2878",2178,10160,NA,NA,NA,"Knapp, S; Peralta, IE","0.0.2002",-25.000947,-70.45773,700,"chilense","chilense","nongeophyte",NA,NA,"Potato","CHL","Chile"
"2879",2439,10161,NA,NA,NA,"Knapp, S; Peralta, IE","0.0.2002",-22.933615,-68.204293,2550,"chilense","chilense","nongeophyte",NA,NA,"Potato","CHL","Chile"
"2880",29814,10162,NA,NA,NA,"Knapp, S","0.6.2007",-24.5928,-70.2435,1035,"chilense","chilense","nongeophyte",NA,NA,"Potato","CHL","Chile"
"2881",29815,10163,NA,NA,NA,"Knapp, S","0.6.2007",-26.32,-69.4534,2580,"chilense","chilense","nongeophyte",NA,NA,"Potato","CHL","Chile"
"2882",3174,10164,NA,NA,NA,"Knapp, S; Peralta, IE","0.0.2002",-21.166667,-69.5,1020,"chilense","chilense","nongeophyte",NA,NA,"Potato","CHL","Chile"
"2883",3175,10165,NA,NA,NA,"Knapp, S; Peralta, IE","0.0.2002",-22.083333,-70.183333,150,"chilense","chilense","nongeophyte",NA,NA,"Potato","CHL","Chile"
"2884",3239,10166,NA,NA,NA,"Knapp, S; Peralta, IE","0.0.2002",-20.083333,-69.266667,2400,"chilense","chilense","nongeophyte",NA,NA,"Potato","CHL","Chile"
"2885",33469,10167,NA,NA,NA,"Knapp, S","0.0.2014",-20.2491,-69.15587,2600,"chilense","chilense","nongeophyte",NA,NA,"Potato","CHL","Chile"
"2886",3486,10168,NA,NA,NA,"Knapp, S; Peralta, IE","0.0.2002",-22.560169,-68.122576,0,"chilense","chilense","nongeophyte",NA,NA,"Potato","CHL","Chile"
"2887",3488,10169,NA,NA,NA,"Knapp, S; Peralta, IE","0.0.2002",-18.416667,-70.3,3050,"chilense","chilense","nongeophyte",NA,NA,"Potato","CHL","Chile"
"2888",3509,10170,NA,NA,NA,"Knapp, S; Peralta, IE","0.0.2003",-18.455704,-69.345468,0,"chilense","chilense","nongeophyte",NA,NA,"Potato","CHL","Chile"
"2889",3603,10171,NA,NA,NA,"Knapp, S; Peralta, IE","0.0.2002",-23.41,-68.4,0,"chilense","chilense","nongeophyte",NA,NA,"Potato","CHL","Chile"
"2890",3623,10172,NA,NA,NA,"Knapp, S; Peralta, IE","0.0.2002",-25.24,-70.29,20,"chilense","chilense","nongeophyte",NA,NA,"Potato","CHL","Chile"
"2891",3624,10173,NA,NA,NA,"Knapp, S; Peralta, IE","0.0.2002",-25.120599,-69.454449,0,"chilense","chilense","nongeophyte",NA,NA,"Potato","CHL","Chile"
"2892",3679,10174,NA,NA,NA,"Knapp, S; Peralta, IE","0.0.2002",-17.983333,-69.65,4000,"chilense","chilense","nongeophyte",NA,NA,"Potato","CHL","Chile"
"2893",3861,10175,NA,NA,NA,"Knapp, S; Peralta, IE","0.0.2002",-23.11,-68.1,2500,"chilense","chilense","nongeophyte",NA,NA,"Potato","CHL","Chile"
"2894",4303,10176,NA,NA,NA,"Knapp, S; Peralta, IE","0.0.2002",-18.526044,-70.147892,0,"chilense","chilense","nongeophyte",NA,NA,"Potato","CHL","Chile"
"2895",4583,10177,NA,NA,NA,"Knapp, S; Peralta, IE","0.0.2002",-19.9,-69.116667,3350,"chilense","chilense","nongeophyte",NA,NA,"Potato","CHL","Chile"
"2896",4731,10178,NA,NA,NA,"Knapp, S; Peralta, IE","0.0.2002",-23.8025,-68.275,2475,"chilense","chilense","nongeophyte",NA,NA,"Potato","CHL","Chile"
"2897",4734,10179,NA,NA,NA,"Knapp, S; Peralta, IE","0.0.2002",-22.581389,-68.520833,2700,"chilense","chilense","nongeophyte",NA,NA,"Potato","CHL","Chile"
"2898",4793,10180,NA,NA,NA,"Knapp, S; Peralta, IE","0.0.2002",-18.25,-69.42,4000,"chilense","chilense","nongeophyte",NA,NA,"Potato","CHL","Chile"
"2899",4794,10181,NA,NA,NA,"Knapp, S; Peralta, IE","0.0.2002",-23.316667,-67.333333,0,"chilense","chilense","nongeophyte",NA,NA,"Potato","CHL","Chile"
"2900",5068,10182,NA,NA,NA,"Knapp, S; Peralta, IE","0.0.2002",-23.36,-67.51,0,"chilense","chilense","nongeophyte",NA,NA,"Potato","CHL","Chile"
"2901",5074,10183,NA,NA,NA,"Knapp, S; Peralta, IE","0.0.2002",-22.273829,-68.555896,2300,"chilense","chilense","nongeophyte",NA,NA,"Potato","CHL","Chile"
"2902",5194,10184,NA,NA,NA,"Knapp, S; Peralta, IE","0.0.2002",-20.55,-69.3,1500,"chilense","chilense","nongeophyte",NA,NA,"Potato","CHL","Chile"
"2903",5198,10185,NA,NA,NA,"Knapp, S; Peralta, IE","0.0.2002",-21.083333,-69.6,1200,"chilense","chilense","nongeophyte",NA,NA,"Potato","CHL","Chile"
"2904",5199,10186,NA,NA,NA,"Knapp, S; Peralta, IE","0.0.2002",-25.116667,-70.1,50,"chilense","chilense","nongeophyte",NA,NA,"Potato","CHL","Chile"
"2905",5202,10187,NA,NA,NA,"Knapp, S; Peralta, IE","0.0.2002",-18.533333,-70.05,1730,"chilense","chilense","nongeophyte",NA,NA,"Potato","CHL","Chile"
"2906",5204,10188,NA,NA,NA,"Knapp, S; Peralta, IE","0.0.2002",-18.5,-69.95,1850,"chilense","chilense","nongeophyte",NA,NA,"Potato","CHL","Chile"
"2907",5209,10189,NA,NA,NA,"Knapp, S; Peralta, IE","0.0.2002",-18.465857,-69.833103,2100,"chilense","chilense","nongeophyte",NA,NA,"Potato","CHL","Chile"
"2908",5212,10190,NA,NA,NA,"Knapp, S; Peralta, IE","0.0.2002",-24.372555,-69.315063,0,"chilense","chilense","nongeophyte",NA,NA,"Potato","CHL","Chile"
"2909",5213,10191,NA,NA,NA,"Knapp, S; Peralta, IE","0.0.2002",-20.933333,-68.966667,2900,"chilense","chilense","nongeophyte",NA,NA,"Potato","CHL","Chile"
"2910",5214,10192,NA,NA,NA,"Knapp, S; Peralta, IE","0.0.2002",-18.166667,-69.75,3600,"chilense","chilense","nongeophyte",NA,NA,"Potato","CHL","Chile"
"2911",5217,10193,NA,NA,NA,"Knapp, S; Peralta, IE","0.0.2002",-20.267214,-70.103555,250,"chilense","chilense","nongeophyte",NA,NA,"Potato","CHL","Chile"
"2912",5223,10194,NA,NA,NA,"Knapp, S; Peralta, IE","0.0.2002",-18.833333,-69.733333,2400,"chilense","chilense","nongeophyte",NA,NA,"Potato","CHL","Chile"
"2913",5224,10195,NA,NA,NA,"Knapp, S; Peralta, IE","0.0.2002",-19.283333,-69.45,2950,"chilense","chilense","nongeophyte",NA,NA,"Potato","CHL","Chile"
"2914",5323,10196,NA,NA,NA,"Knapp, S; Peralta, IE","0.0.2002",-18.828151,-70.136249,500,"chilense","chilense","nongeophyte",NA,NA,"Potato","CHL","Chile"
"2915",5666,10197,NA,NA,NA,"Knapp, S; Peralta, IE","0.0.2002",-23.2991,-67.8104,3600,"chilense","chilense","nongeophyte",NA,NA,"Potato","CHL","Chile"
"2916",5926,10198,NA,NA,NA,"Knapp, S; Peralta, IE","0.0.2002",-22.349722,-68.327222,3300,"chilense","chilense","nongeophyte",NA,NA,"Potato","CHL","Chile"
"2917",6169,10199,NA,NA,NA,"Knapp, S; Peralta, IE","0.0.2002",-19.75,-69.3,2000,"chilense","chilense","nongeophyte",NA,NA,"Potato","CHL","Chile"
"2918",6170,10200,NA,NA,NA,"Knapp, S; Peralta, IE","0.0.2002",-19.166667,-69.216667,3700,"chilense","chilense","nongeophyte",NA,NA,"Potato","CHL","Chile"
"2919",96973,10201,NA,NA,NA,NA,"0.0.0",-20.08263,-69.35975,0,"chilense","chilense","nongeophyte",NA,NA,"Potato","CHL","Chile"
"2920",1954,10202,NA,NA,NA,"Knapp, S; Peralta, IE","0.0.2002",-17.16645,-70.887033,1560,"chilense","chilense","nongeophyte",NA,NA,"Potato","PER","Peru"
"2921",1957,10203,NA,NA,NA,"Knapp, S; Peralta, IE","0.0.2002",-17.40908,-71.146027,580,"chilense","chilense","nongeophyte",NA,NA,"Potato","PER","Peru"
"2922",2105,10204,NA,NA,NA,"Knapp, S; Peralta, IE","0.0.2002",-18.00866,-70.385458,200,"chilense","chilense","nongeophyte",NA,NA,"Potato","PER","Peru"
"2923",2236,10205,NA,NA,NA,"Knapp, S; Peralta, IE","0.0.2002",-18.009748,-70.25086,650,"chilense","chilense","nongeophyte",NA,NA,"Potato","PER","Peru"
"2924",2504,10206,NA,NA,NA,"Knapp, S; Peralta, IE","0.0.2002",-14.689402,-74.120347,1800,"chilense","chilense","nongeophyte",NA,NA,"Potato","PER","Peru"
"2925",27656,10207,NA,NA,NA,"Knapp, S","0.4.2007",-16.834017,-70.889783,2358,"chilense","chilense","nongeophyte",NA,NA,"Potato","PER","Peru"
"2926",3148,10208,NA,NA,NA,"Knapp, S; Peralta, IE","0.0.2002",-17.020593,-70.751718,0,"chilense","chilense","nongeophyte",NA,NA,"Potato","PER","Peru"
"2927",33046,10209,NA,NA,NA,"Knapp, S","0.9.2008",-16.652333,-71.352667,2100,"chilense","chilense","nongeophyte",NA,NA,"Potato","PER","Peru"
"2928",33376,10210,NA,NA,NA,"Knapp, S","0.9.2008",-15.619833,-73.791,1830,"chilense","chilense","nongeophyte",NA,NA,"Potato","PER","Peru"
"2929",33383,10211,NA,NA,NA,"Knapp, S","0.9.2008",-17.872,-70.120833,1270,"chilense","chilense","nongeophyte",NA,NA,"Potato","PER","Peru"
"2930",33384,10212,NA,NA,NA,"Knapp, S","0.9.2008",-14.838667,-74.725833,2135,"chilense","chilense","nongeophyte",NA,NA,"Potato","PER","Peru"
"2931",33405,10213,NA,NA,NA,"Knapp, S","0.9.2008",-13.4733,-76.1871,5,"chilense","chilense","nongeophyte",NA,NA,"Potato","PER","Peru"
"2932",33410,10214,NA,NA,NA,"Knapp, S","0.9.2008",-17.457642,-70.534025,1000,"chilense","chilense","nongeophyte",NA,NA,"Potato","PER","Peru"
"2933",33464,10215,NA,NA,NA,"Knapp, S","0.9.2008",-17.625163,-70.95509,0,"chilense","chilense","nongeophyte",NA,NA,"Potato","PER","Peru"
"2934",33465,10216,NA,NA,NA,"Knapp, S","0.9.2008",-17.839,-70.5095,450,"chilense","chilense","nongeophyte",NA,NA,"Potato","PER","Peru"
"2935",4013,10217,NA,NA,NA,"Knapp, S; Peralta, IE","0.0.2002",-15.870513,-74.241963,200,"chilense","chilense","nongeophyte",NA,NA,"Potato","PER","Peru"
"2936",4098,10218,NA,NA,NA,"Knapp, S; Peralta, IE","0.0.2002",-17.690128,-70.253403,1770,"chilense","chilense","nongeophyte",NA,NA,"Potato","PER","Peru"
"2937",6198,10219,NA,NA,NA,"Knapp, S; Peralta, IE","0.0.2002",-15.425333,-74.6095,900,"chilense","chilense","nongeophyte",NA,NA,"Potato","PER","Peru"
"2938",70674,10220,NA,NA,NA,"Knapp, S","0.0.2013",-17.66499,-69.98816,3000,"chilense","chilense","nongeophyte",NA,NA,"Potato","PER","Peru"
