"SP1";"niche.bio1me";"niche.bio2me";"niche.bio4me";"niche.bio12me";"niche.bio15me"
"1";"acaule_48";0.684563049853371;0.648976878612717;0.396381969775925;0.277018915510719;0.622738586156112
"2";"albicans";0.428202346041055;0.210670520231214;0.0652634705575821;0.110581441782261;0.307217967599411
"3";"albornozii";0.185114369501466;0.0404104046242774;0.0412465867639395;0.0392857292980244;0.099020618556701
"4";"anceps";0.541642228739002;0.274335260115607;0.185380823345492;0.649851513240858;0.441858615611193
"5";"andreanum_48";0.511228739002931;0.13014450867052;0.0558674309536217;0.316835014712064;0.274450662739323
"6";"appendiculatum";0.398633431085044;0.455936416184971;0.293322668056279;0.343736759142497;0.27509351988218
"7";"arcanum";0.416005865102639;0.333225433526012;0.19290755601876;0.162376418663304;0.483852724594993
"8";"basendopogon";0.507448680351905;0.245618497109827;0.0788932777488275;0.266146069777217;0.526502209131075
"9";"berthaultii";0.622929618768327;0.41364161849711;0.329706305367379;0.1709745691467;0.39169734904271
"10";"boliviense";0.58331964809384;0.652445086705202;0.413472016675352;0.310085645229088;0.541245213549337
"11";"brachyantherum";0.189838709677419;0.528208092485549;0.152126003126628;0.00790321563682219;0.671174521354934
"12";"brevicaule_24";0.609753665689148;0.629763005780347;0.361993955184992;0.360860025220681;0.571427835051546
"13";"brevicaule_48";0.425595307917887;0.34049710982659;0.164079729025534;0.148420239596469;0.334236377025037
"14";"bulbocastanum_24";0.392055718475073;0.246982658959538;0.160504950495049;0.146831126523749;0.262226067746686
"15";"candolleanum_24";0.514894428152492;0.493508670520231;0.18379145388223;0.334255674653216;0.465378497790869
"16";"caripense";0.580111436950145;0.296815028901734;0.12620917144346;0.532679382093317;0.665323269513991
"17";"chacoense_24";0.364809384164222;0.139393063583815;0.300513496612819;0.135438104245481;0.609321060382916
"18";"chilense";0.533087976539588;0.806098265895954;0.366437832204273;0.0747846784363178;0.924721649484536
"19";"chomatophilum";0.628510263929618;0.259450867052023;0.156653673788431;0.191567150063052;0.546488217967599
"20";"colombianum";0.659413489736069;0.299121387283237;0.0985861386138614;0.544519020596889;0.565929307805596
"21";"commersonii_24";0.160046920821114;0.380034682080925;0.139920687858259;0.0665016813787306;0.183578792341679
"22";"conicum";0.406231671554252;0.173369942196532;0.068531735278791;0.330636612021858;0.276754050073638
"23";"crassinervium";0.424202346041055;0.202156069364162;0.0173242313705055;0.684326187473729;0.389166421207658
"24";"demissum";0.673677419354838;0.47106936416185;0.336246899426785;0.22505884825557;0.330054491899853
"25";"doddsii";0.220900293255131;0.263161849710983;0.0698930693069307;0.137223203026482;0.18279528718704
"26";"dolichocremastrum";0.469615835777125;0.198549132947977;0.0516401250651381;0.252180538041194;0.407158321060383
"27";"ehrenbergii";0.193472140762463;0.22550289017341;0.158441479937467;0.0730527532576713;0.363430044182621
"28";"etuberosum";0.518299120234603;0.394450867052023;0.337134653465346;0.335883039092055;0.331646539027982
"29";"evolvulifolium";0.490835777126099;0.226433526011561;0.0729614382490881;0.689671605716688;0.554217967599411
"30";"flahaultii";0.211093841642228;0.178057803468208;0.035521834288692;0.21654613282892;0.0994506627393225
"31";"gandarillasii";0.131894428152493;0.187231213872832;0.0838221990620115;0.0461704497688104;0.165084683357879
"32";"habrochaites";0.589445747800585;0.375421965317919;0.233737467430954;0.221195670449769;0.749553755522828
"33";"hjertingii";0.258964809384163;0.148;0.125519228764982;0.0734482976040353;0.172964653902798
"34";"hougasii";0.386252199413489;0.122658959537572;0.0902344971339239;0.0919889659520807;0.0838946980854198
"35";"incurvum";0.363387096774193;0.0518901734104046;0.0554195935383012;0.270712484237074;0.146710603829161
"36";"infundibuliforme";0.395187683284456;0.625393063583815;0.319875143303804;0.225661202185792;0.493221649484536
"37";"iopetalum";0.489847507331377;0.321664739884393;0.241404168837936;0.178212904581757;0.310124447717231
"38";"jamesii";0.543316715542521;0.204121387283237;0.683869723814487;0.0508358554014292;0.507014727540501
"39";"kurtzianum";0.702958944281524;0.319982658959538;0.405578530484627;0.0998463640184952;0.655230486008836
"40";"laxissimum";0.540384164222873;0.233398843930636;0.069920062532569;0.335527847835225;0.327325478645066
"41";"longiconicum";0.480636363636362;0.182225433526012;0.0408111516414799;0.136741277847835;0.24960824742268
"42";"loxophyllum";0.331697947214076;0.160410404624277;0.0572359562272017;0.506451555275326;0.415935198821797
"43";"medians_24";0.431140762463342;0.246774566473988;0.0833600833767587;0.0954417822614544;0.350888807069219
"44";"microdontum_24";0.50432551319648;0.273884393063584;0.252053256904638;0.200160571668768;0.312320324005891
"45";"mite";0.537812316715542;0.182109826589595;0.190743408025013;0.508257250945776;0.452565537555228
"46";"mochiquense";0.362636363636363;0.315959537572254;0.234010838978635;0.164401849516604;0.333296023564065
"47";"morelliforme";0.484900293255131;0.41106936416185;0.20197113079729;0.344468053804119;0.330179675994109
"48";"multifidum";0.31949560117302;0.338387283236994;0.261459614382491;0.0696372425388819;0.675278350515464
"49";"multiinterruptum_24";0.510580645161289;0.225843930635838;0.0500986972381449;0.133082597730139;0.306242268041237
"50";"neorickii";0.407354838709677;0.165485549132948;0.0845057842626368;0.17331683480454;0.412737849779087
"51";"neorossii";0.223387096774192;0.454543352601156;0.206321417404898;0.150534258091635;0.271941089837997
"52";"okadae";0.363712609970673;0.277017341040462;0.0510361646690985;0.247853614964271;0.213947717231222
"53";"oxycarpum";0.376630498533724;0.351728323699422;0.0966206357477853;0.286703551912568;0.205511045655376
"54";"oxycoccoides";0.314395894428151;0.0824682080924855;0.0538240750390829;0.115459226565784;0.15739764359352
"55";"palustre";0.311683284457477;0.43635838150289;0.321376341844711;0.330317780580076;0.330832842415317
"56";"pennellii";0.508146627565981;0.480433526011561;0.275149661281918;0.101744955863808;0.72670324005891
"57";"peruvianum";0.486873900293254;0.498647398843931;0.306672850442939;0.137713219840269;0.788575110456554
"58";"pimpinellifolium";0.583853372434016;0.57307514450867;0.269615007816571;0.392791193778899;0.751382916053019
"59";"pinnatisectum";0.146428152492669;0.179479768786127;0.0876941115164148;0.0811010928961749;0.153060382916053
"60";"polyadenium";0.343041055718474;0.261936416184971;0.105008233454924;0.222597730138714;0.267535346097202
"61";"raphanifolium";0.42632258064516;0.355190751445087;0.0564177175612298;0.354585750315259;0.269857879234168
"62";"schenckii";0.214369501466276;0.239439306358381;0.132851380927566;0.145077343421606;0.237374815905744
"63";"stenophyllidium";0.353272727272727;0.188815028901734;0.465776550286608;0.107125683060109;0.249840206185567
"64";"stipuloideum";0.533595307917887;0.368988439306358;0.104225429911412;0.214512189995797;0.328160530191458
"65";"stoloniferum";0.549445747800585;0.510040462427746;0.710758520062532;0.200549810844893;0.648018409425626
"66";"suaveolens";0.363173020527859;0.27814450867052;0.147573840541949;0.327962379150904;0.54930117820324
"67";"tabanoense";0.343800586510263;0.159924855491329;0.0632389786347056;0.224058007566204;0.218966863033873
"68";"ternatum";0.531120234604104;0.208034682080925;0.135166128191767;0.42694115174443;0.388156111929308
"69";"trifidum";0.340310850439882;0.111416184971098;0.0755514330380406;0.095411937788987;0.110039764359352
"70";"trizygum";0.332304985337243;0.360815028901734;0.161798540906722;0.373488440521227;0.344576583210604
"71";"venturii";0.559079178885629;0.30114450867052;0.219453673788431;0.157879781420765;0.293273932253314
"72";"vernei";0.542683284457477;0.457294797687861;0.34037967691506;0.163643442622951;0.321611192930781
"73";"verrucosum_24";0.383642228739002;0.0670751445086705;0.194397081813445;0.106956809583859;0.223108983799705
"74";"violaceimarmoratum";0.557419354838708;0.208341040462428;0.120034497133924;0.292912673392182;0.287047128129602
"75";"acroscopicum_24";0.181818181818181;0.242774566473988;0.0309536216779573;0.139029003783102;0.652430044182621
"76";"aemulans_48";0.0821114369501466;0.069364161849711;0.0923397602918187;0.1432324506095;0.0257731958762887
"77";"andreanum_24";0.436950146627565;0.0578034682080925;0.0523189161021365;0.403425809163514;0.254786450662739
"78";"blanco-galdosii";0.343108504398826;0.104046242774566;0.111412193850964;0.102038671710803;0.30780559646539
"79";"cardiophyllum_24";0.131964809384164;0.104046242774567;0.144971339239187;0.058848255569567;0.0986745213549337
"80";"chamaepolybotryon";0.211143695014663;0.0404624277456647;0.00927566440854612;0.0563261874737285;0.01620029455081
"81";"chimborazense";0.363636363636364;0.265895953757225;0.0331422615945805;0.130096679277007;0.189985272459499
"82";"clarum";0.554252199413489;0.277456647398844;0.0601354872329338;0.199243379571248;0.167157584683358
"83";"complectens";0.287390029325513;0.254335260115607;0.0735799895779052;0.0854350567465322;0.182621502209131
"84";"guerreroense";0.466275659824046;0.0404624277456647;0.0638874413757165;0.0132408575031526;0.0117820324005892
"85";"huancabambense";0.140762463343109;0.0635838150289017;0.0352266805627931;0.051807482135351;0.21060382916053
"86";"immite_24";0.219941348973607;0.30635838150289;0.211360083376759;0.0701975620008407;0.128129602356407
"87";"lesteri";0.158357771260997;0.127167630057803;0.055862428348098;0.109079445145019;0.0316642120765832
"88";"lignicaule";0.260997067448679;0.15606936416185;0.0333507034914018;0.147225725094578;0.14580265095729
"89";"neocardenasii";0.228739002932551;0.15606936416185;0.0406461698801459;0.0937368642286675;0.25920471281296
"90";"pacificum";0.0410557184750733;0.0346820809248555;0.0264721208963002;0.23245060949979;0.19219440353461
"91";"paucissectum";0.35190615835777;0.0346820809248555;0.0313705054715998;0.0452921395544346;0.192930780559647
"92";"piurae";0.378299120234604;0.0520231213872833;0.156018759770714;0.10708280790248;0.282032400589102
"93";"savanillense";0.228739002932551;0.0982658959537572;0.042313705054716;0.21469104665826;0.269513991163476
"94";"skutchii";0.0087976539589443;0.0115606936416185;0.00823345492443983;0.00977301387137453;0.00736377025036819
"95";"sodiroi";0.527859237536656;0.202312138728324;0.0560708702449192;0.354981084489281;0.251840942562592
"96";"taeniotrichum";0.422287390029324;0.121387283236994;0.0294945284002084;0.165720891130727;0.151693667157585
"97";"tarnii";0.237536656891496;0.213872832369942;0.0604481500781657;0.0766078184110971;0.117820324005891
"98";"trachycarpum";0.375366568914955;0.225433526011561;0.0590932777488275;0.434216057166877;0.491899852724595
"99";"trifolium";0.108504398826978;0.00578034682080923;0.00635747785304846;0.026691887347625;0.0213549337260677
"100";"trinominum";0.16715542521994;0.439306358381503;0.34048983845753;0.0504413619167718;0.431516936671576
